﻿Designator,Footprint,Quantity,Value,LCSC Part #
C1,1206,1,100uF,
J1,PinHeader_1x01_P2.54mm_Vertical,1,Run_in+,
J2,PinHeader_1x01_P2.54mm_Vertical,1,Brake_in+,
J3,PinHeader_1x01_P2.54mm_Vertical,1,Turn_in+,
J4,PinHeader_1x01_P2.54mm_Vertical,1,Run_out+,
J5,PinHeader_1x01_P2.54mm_Vertical,1,Brake_out+,
J6,PinHeader_1x01_P2.54mm_Vertical,1,Turn_out+,
J7,PinHeader_1x01_P1.00mm_Vertical,1,9v_in,
J8,PinHeader_1x01_P1.00mm_Vertical,1,Ground,
K1,Relay_SPDT_Hongfa_JQC-3FF_0XX-1Z,1,Running_Relay,
K2,Relay_SPDT_Hongfa_JQC-3FF_0XX-1Z,1,Turn_Relay,
K3,Relay_SPDT_Hongfa_JQC-3FF_0XX-1Z,1,Brake_Relay,
"R1, R2",2010,2,4700,
"R3, R4, R5",0805,3,430,
U1,DIP-8_W7.62mm,1,NE555P,
